transaction_id,trans_group_en,procedure_name_en,instance_date,property_type_en,property_usage_en,reg_type_en,area_id,area_name_en,nearest_landmark_en,actual_worth
1-41-2010-7030,Sales,Sell,24-02-2001,Land,Commercial,Existing Properties,364,Al Wasl,,1350000
1-41-2010-7029,Gifts,Grant,13-12-2004,Villa,Commercial,Existing Properties,365,Al Hudaiba,Burj Khalifa,2790000
1-41-2010-7028,Mortgages,Mortgage Registration,12/3/2001,Land,Commercial,Existing Properties,390,Burj Khalifa,,20000000
1-41-2010-7027,Mortgages,Modify Mortgage,20-09-2005,Building,Residential / Commercial,Existing Properties,388,Oud Metha,Dubai International Airport,25000000
1-41-2010-7026,Gifts,Grant,11/10/2012,Villa,Residential,Existing Properties,276,Al Bada,Burj Khalifa,9000000
1-41-2010-7025,Sales,Sell,18-03-2001,Building,Residential,Existing Properties,271,Al Karama,Burj Khalifa,850000
1-41-2010-7024,Mortgages,Mortgage Registration,7/2/2005,Building,Residential / Commercial,Existing Properties,271,Al Karama,Burj Khalifa,4500000
1-41-2010-7023,Gifts,Grant,12/6/2008,Building,Residential / Commercial,Existing Properties,367,Al Suq Al Kabeer,Dubai International Airport,50000000
1-41-2010-7022,Gifts,Grant,19-12-2017,Building,Commercial,Existing Properties,267,Al Raffa,Burj Khalifa,22499968
1-41-2010-7021,Sales,Sell,25-03-2002,Land,Residential,Existing Properties,269,Al Hamriya,Dubai International Airport,121194
1-41-2010-7020,Mortgages,Modify Mortgage,6/2/2005,Building,Residential / Commercial,Existing Properties,267,Al Raffa,Burj Khalifa,null
1-41-2010-7019,Mortgages,Mortgage Registration,10/12/2003,Land,Commercial,Existing Properties,266,Al Satwa,,250000
1-41-2010-7018,Sales,Sell,27-09-1999,Land,Commercial,Existing Properties,229,Um Suqaim,,7000000
1-41-2010-7017,Sales,Sell,13-11-2000,Land,Commercial,Existing Properties,229,Um Suqaim,,2650000
1-41-2010-7016,Sales,Sell,10/9/1998,Land,Commercial,Existing Properties,229,Um Suqaim,,3802786
1-41-2010-7015,Gifts,Grant,26-02-2008,Villa,Residential,Existing Properties,264,Nad Al Hamar,Dubai International Airport,5000000
1-41-2010-7014,Sales,Sell,11/5/2009,Land,Residential,Existing Properties,264,Nad Al Hamar,Dubai International Airport,1800000
1-41-2010-7013,Sales,Sell,4/5/1998,Land,Other,Existing Properties,241,Al Qusais,,35000000
1-41-2010-7012,Sales,Sell,25-05-1998,Land,Commercial,Existing Properties,241,Al Qusais,,350000
1-41-2010-7011,Gifts,Grant,31-10-2007,Building,Industrial,Existing Properties,248,Um Ramool,Dubai International Airport,40000000
1-41-2010-7010,Gifts,Grant,22-03-2007,Land,Residential / Commercial,Existing Properties,240,Port Saeed,Dubai International Airport,187503
1-41-2010-7009,Gifts,Grant,27-05-2021,Villa,Residential,Existing Properties,231,Al Mamzer,Dubai International Airport,10000000
1-41-2010-7008,Sales,Sell,2/6/2003,Building,Residential,Existing Properties,239,Al Baraha,Dubai International Airport,1044000
1-41-2010-7007,Sales,Sell,10/7/2004,Building,Residential / Commercial,Existing Properties,235,Eyal Nasser,Dubai International Airport,6000000
1-41-2010-7006,Mortgages,Mortgage Registration,4/7/2000,Building,Commercial,Existing Properties,242,Al Ras,Dubai International Airport,4000000
1-41-2010-7005,Mortgages,Mortgage Registration,24-12-2005,Villa,Residential,Existing Properties,232,Mirdif,Dubai International Airport,4050000
1-41-2010-7004,Sales,Sell,11/1/2007,Villa,Residential,Existing Properties,232,Mirdif,Dubai International Airport,4088150
1-41-2010-7003,Sales,Sell,2/6/2014,Villa,Residential,Existing Properties,232,Mirdif,Dubai International Airport,1500000
1-41-2010-7002,Sales,Adding Land By Sell,15-07-2007,Villa,Residential,Existing Properties,232,Mirdif,Dubai International Airport,384000
1-41-2010-7001,Gifts,Grant,24-05-2004,Villa,Residential,Existing Properties,232,Mirdif,Dubai International Airport,2000000
1-41-2010-7000,Sales,Sell,27-11-2012,Villa,Residential,Existing Properties,232,Mirdif,Dubai International Airport,7040150
1-41-2010-6999,Sales,Sell,9/11/2005,Villa,Residential,Existing Properties,232,Mirdif,Dubai International Airport,1500000
1-41-2010-6998,Mortgages,Mortgage Registration,5/6/1999,Villa,Residential,Existing Properties,232,Mirdif,Dubai International Airport,1840000
1-41-2010-6997,Gifts,Grant,10/5/2003,Villa,Residential,Existing Properties,232,Mirdif,Dubai International Airport,550000
1-41-2010-6996,Gifts,Grant,27-12-2020,Villa,Residential,Existing Properties,232,Mirdif,Dubai International Airport,6500000
1-41-2010-6995,Sales,Sell,17-04-2008,Villa,Residential,Existing Properties,232,Mirdif,Dubai International Airport,7300000
1-41-2010-6994,Sales,Sell,1/6/2009,Building,Residential,Existing Properties,232,Mirdif,Dubai International Airport,2300000
1-41-2010-6993,Sales,Sell,26-05-2008,Villa,Residential,Existing Properties,232,Mirdif,Dubai International Airport,3500000
1-41-2010-6992,Sales,Sell,13-07-1998,Villa,Residential,Existing Properties,232,Mirdif,Dubai International Airport,400000
1-41-2010-6991,Mortgages,Mortgage Registration,21-05-1998,Villa,Residential,Existing Properties,232,Mirdif,Dubai International Airport,696377
1-41-2010-6990,Mortgages,Mortgage Registration,28-11-2016,Villa,Residential,Existing Properties,232,Mirdif,Dubai International Airport,2850000
1-41-2010-6989,Sales,Sell,14-03-2012,Villa,Residential,Existing Properties,232,Mirdif,Dubai International Airport,4750000
1-41-2010-6988,Mortgages,Mortgage Registration,17-06-2001,Villa,Residential,Existing Properties,232,Mirdif,Dubai International Airport,500000
1-41-2010-6987,Mortgages,Mortgage Registration,15-01-2001,Villa,Residential,Existing Properties,232,Mirdif,Dubai International Airport,674798
1-41-2010-6986,Sales,Sell,1/5/2001,Villa,Residential,Existing Properties,232,Mirdif,Dubai International Airport,250000
1-41-2010-6985,Mortgages,Mortgage Registration,18-12-2019,Building,Residential,Existing Properties,249,Al Muteena,Dubai International Airport,26898000
1-41-2010-6984,Sales,Sell,29-10-2013,Building,Commercial,Existing Properties,238,Al Dhagaya,,7000000
1-41-2010-6983,Sales,Sell,14-05-2020,Building,Commercial,Existing Properties,247,Al Khabeesi,Dubai International Airport,22000000
1-41-2010-6982,Sales,Sell,10/12/2015,Building,Residential / Commercial,Existing Properties,233,Hor Al Anz,Dubai International Airport,8400000
1-41-2010-6981,Sales,Sell,10/5/2007,Villa,Residential,Existing Properties,233,Hor Al Anz,Dubai International Airport,2100000
1-41-2010-6980,Sales,Sell,28-04-2001,Land,Commercial,Existing Properties,292,Al Barsha,,12530100
1-41-2010-6979,Sales,Sell,5/5/2004,Building,Residential / Commercial,Existing Properties,234,Hor Al Anz East,Dubai International Airport,941990
1-41-2010-6978,Sales,Sell,17-06-1998,Building,Residential,Existing Properties,269,Al Hamriya,Dubai International Airport,5462500
1-41-2010-6977,Gifts,Grant,14-03-2004,Villa,Residential,Existing Properties,230,Abu Hail,Dubai International Airport,1500000
1-41-2010-6976,Sales,Sell,16-09-2000,Villa,Residential,Existing Properties,234,Hor Al Anz East,Dubai International Airport,1100000
1-41-2010-6975,Mortgages,Mortgage Registration,12/3/2000,Villa,Residential,Existing Properties,264,Nad Al Hamar,Dubai International Airport,500000
1-41-2010-6974,Mortgages,Mortgage Registration,4/11/2007,Villa,Residential,Existing Properties,230,Abu Hail,Dubai International Airport,1500000
1-41-2010-6973,Gifts,Grant,24-12-2003,Land,Residential,Existing Properties,264,Nad Al Hamar,Dubai International Airport,770250
1-41-2010-6972,Mortgages,Modify Mortgage,17-02-1999,Building,Residential,Existing Properties,239,Al Baraha,Dubai International Airport,5053048
1-41-2010-6971,Sales,Sell,28-12-2011,Villa,Residential,Existing Properties,298,Al Warqa Third,Dubai International Airport,1650000
1-41-2010-6970,Mortgages,Mortgage Registration,22-07-2006,Villa,Residential,Existing Properties,354,Al Warqa Second,Dubai International Airport,750000
1-41-2010-6969,Mortgages,Mortgage Registration,3/4/1999,Villa,Residential,Existing Properties,359,Al Twar Third,Dubai International Airport,500000
1-41-2010-6968,Mortgages,Modify Mortgage,25-03-2012,Villa,Residential,Existing Properties,298,Al Warqa Third,Dubai International Airport,750000
1-41-2010-6967,Mortgages,Mortgage Registration,9/3/2009,Villa,Residential,Existing Properties,354,Al Warqa Second,Dubai International Airport,1738046
1-41-2010-6966,Sales,Sell,19-06-2016,Villa,Residential,Existing Properties,375,Jumeirah Second,Burj Khalifa,5900000
1-41-2010-6965,Mortgages,Mortgage Registration,17-11-2016,Building,Residential / Commercial,Existing Properties,271,Al Karama,Burj Khalifa,null
1-41-2010-6964,Mortgages,Mortgage Registration,5/6/2008,Villa,Residential,Existing Properties,316,Al Mezhar First,Dubai International Airport,500000
1-41-2010-6963,Mortgages,Modify Mortgage,7/8/2018,Villa,Residential,Existing Properties,357,Al Qusais Second,Dubai International Airport,800000
1-41-2010-6962,Mortgages,Mortgage Registration,15-10-2012,Building,Residential / Commercial,Existing Properties,301,Al Nahda Second,Dubai International Airport,46600000
1-41-2010-6961,Mortgages,Mortgage Registration,16-05-2018,Villa,Residential,Existing Properties,312,Muhaisanah First,Dubai International Airport,300000
1-41-2010-6960,Mortgages,Modify Mortgage,21-12-2010,Villa,Residential,Existing Properties,369,Al Barsha Third,Burj Al Arab,6644000
1-41-2010-6959,Mortgages,Mortgage Registration,15-06-1999,Villa,Residential,Existing Properties,303,Um Suqaim First,Burj Al Arab,500000
1-41-2010-6958,Mortgages,Mortgage Registration,15-06-1999,Villa,Residential,Existing Properties,304,Um Suqaim Second,Burj Al Arab,500000
1-41-2010-6957,Mortgages,Modify Mortgage,18-04-2004,Villa,Residential,Existing Properties,313,Al Saffa First,Downtown Dubai,1500000
1-41-2010-6956,Mortgages,Modify Mortgage,28-01-2002,Villa,Residential / Commercial,Existing Properties,375,Jumeirah Second,Burj Khalifa,12000000
1-41-2010-6955,Mortgages,Mortgage Registration,15-08-1999,Villa,Residential,Existing Properties,316,Al Mezhar First,Dubai International Airport,500000
1-41-2010-6954,Mortgages,Mortgage Registration,17-08-1999,Villa,Residential,Existing Properties,374,Um Al Sheif,Burj Al Arab,500000
1-41-2010-6953,Gifts,Grant,14-09-2008,Villa,Commercial,Existing Properties,317,Jumeirah First,Burj Khalifa,10036286
1-41-2010-6952,Mortgages,Mortgage Registration,22-09-2003,Villa,Residential,Existing Properties,298,Al Warqa Third,Dubai International Airport,500000
1-41-2010-6951,Mortgages,Mortgage Registration,11/9/1999,Villa,Residential,Existing Properties,264,Nad Al Hamar,Dubai International Airport,500000
1-41-2010-6950,Gifts,Grant,7/10/2018,Building,Residential / Commercial,Existing Properties,267,Al Raffa,Burj Khalifa,2593800
1-41-2010-6949,Gifts,Grant,28-01-2021,Building,Residential / Commercial,Existing Properties,242,Al Ras,Dubai International Airport,28571291
1-41-2010-6948,Mortgages,Modify Mortgage,31-01-2008,Building,Residential / Commercial,Existing Properties,267,Al Raffa,Burj Khalifa,null
1-41-2010-6947,Mortgages,Mortgage Registration,20-05-2000,Villa,Residential,Existing Properties,357,Al Qusais Second,Dubai International Airport,500000
1-41-2010-6946,Mortgages,Mortgage Registration,20-05-2007,Villa,Residential,Existing Properties,316,Al Mezhar First,Dubai International Airport,1575258
1-41-2010-6945,Sales,Sell,14-05-2002,Villa,Residential,Existing Properties,374,Um Al Sheif,Burj Al Arab,1435600
1-41-2010-6944,Mortgages,Modify Mortgage,29-02-2016,Villa,Commercial,Existing Properties,315,Al Manara,Burj Al Arab,12350000
1-41-2010-6943,Sales,Sell,9/5/2005,Villa,Residential,Existing Properties,233,Hor Al Anz,Dubai International Airport,1350000
1-41-2010-6942,Mortgages,Mortgage Registration,26-11-2001,Villa,Residential,Existing Properties,336,Nad Al Shiba Second,Downtown Dubai,2440768
1-41-2010-6941,Mortgages,Modify Mortgage,8/9/2019,Building,Residential / Commercial,Existing Properties,271,Al Karama,,87600000
1-41-2010-6940,Sales,Sell,29-01-2012,Villa,Residential,Existing Properties,310,Al Twar Second,Dubai International Airport,1526232
1-41-2010-6939,Sales,Sell,21-01-2002,Villa,Residential,Existing Properties,300,Al Rashidiya,Dubai International Airport,50000
1-41-2010-6938,Sales,Sell,21-12-2004,Villa,Residential,Existing Properties,230,Abu Hail,Dubai International Airport,650000
1-41-2010-6937,Mortgages,Mortgage Registration,26-06-2000,Villa,Residential,Existing Properties,239,Al Baraha,Dubai International Airport,500000
1-41-2010-6936,Mortgages,Modify Mortgage,5/3/2012,Villa,Residential,Existing Properties,318,Jumeirah Third,Burj Khalifa,5000000
1-41-2010-6935,Mortgages,Modify Mortgage,5/7/2000,Villa,Residential,Existing Properties,318,Jumeirah Third,Burj Khalifa,4000000
1-41-2010-6934,Gifts,Grant,26-01-2023,Villa,Residential,Existing Properties,300,Al Rashidiya,Dubai International Airport,11000000
1-41-2010-6933,Gifts,Grant,8/10/2000,Villa,Residential,Existing Properties,300,Al Rashidiya,Dubai International Airport,900000
1-41-2010-6932,Sales,Sell,21-12-2006,Villa,Residential,Existing Properties,393,Al Barsha Second,Burj Al Arab,1100000
1-41-2010-6931,Mortgages,Mortgage Registration,2/11/2006,Villa,Residential,Existing Properties,369,Al Barsha Third,Sports City Swimming Academy,5908232
1-41-2010-6930,Sales,Sell,14-04-2003,Land,Residential,Existing Properties,382,Al Waheda,Dubai International Airport,961840
1-41-2010-6929,Sales,Sell,13-06-2004,Building,Residential,Existing Properties,233,Hor Al Anz,Dubai International Airport,1350000
1-41-2010-6928,Mortgages,Mortgage Registration,4/12/2000,Building,Residential,Existing Properties,357,Al Qusais Second,Dubai International Airport,500000
1-41-2010-6927,Mortgages,Mortgage Registration,22-06-2015,Villa,Residential,Existing Properties,338,Al Goze First,Downtown Dubai,2800000
1-41-2010-6926,Mortgages,Mortgage Registration,20-12-2000,Villa,Other,Existing Properties,369,Al Barsha Third,Burj Al Arab,500000
1-41-2010-6925,Mortgages,Lease Finance Registration,2/3/2017,Villa,Residential,Existing Properties,232,Mirdif,Dubai International Airport,5850000
1-41-2010-6924,Mortgages,Mortgage Registration,22-01-2001,Villa,Residential,Existing Properties,374,Um Al Sheif,Burj Al Arab,500000
1-41-2010-6923,Mortgages,Mortgage Registration,28-09-2009,Villa,Residential,Existing Properties,394,Al Mezhar Second,Dubai International Airport,2500000
1-41-2010-6922,Mortgages,Mortgage Registration,11/9/2019,Villa,Residential,Existing Properties,315,Al Manara,Burj Al Arab,6790000
1-41-2010-6921,Mortgages,Modify Mortgage,11/5/2005,Building,Residential,Existing Properties,298,Al Warqa Third,Dubai International Airport,700000
1-41-2010-6920,Sales,Sell,28-04-2002,Villa,Residential,Existing Properties,232,Mirdif,Dubai International Airport,1375000
1-41-2010-6919,Sales,Sell,24-05-2021,Villa,Residential,Existing Properties,317,Jumeirah First,Burj Khalifa,1850000
1-41-2010-6918,Sales,Sell,21-04-2019,Villa,Residential / Commercial,Existing Properties,352,Al Thanayah Fourth,Sports City Swimming Academy,40000000
1-41-2010-6917,Mortgages,Mortgage Registration,20-05-2021,Villa,Residential,Existing Properties,352,Al Thanayah Fourth,Sports City Swimming Academy,8968149
1-41-2010-6916,Mortgages,Mortgage Registration,3/2/2008,Land,Residential / Commercial,Existing Properties,233,Hor Al Anz,Dubai International Airport,9800000
1-41-2010-6915,Mortgages,Mortgage Registration,9/11/2021,Building,Commercial,Existing Properties,368,Al Barsha First,Burj Al Arab,74708000
1-41-2010-6914,Mortgages,Modify Mortgage,28-10-2001,Villa,Residential,Existing Properties,338,Al Goze First,Downtown Dubai,500000
1-41-2010-6913,Mortgages,Mortgage Registration,7/6/2012,Land,Residential,Existing Properties,352,Al Thanayah Fourth,Sports City Swimming Academy,20000000
1-41-2010-6912,Mortgages,Lease to Own Registration,11/8/2011,Villa,Residential,Existing Properties,352,Al Thanayah Fourth,Sports City Swimming Academy,3044166
1-41-2010-6911,Sales,Sell,6/11/2008,Land,Residential,Existing Properties,352,Al Thanayah Fourth,Sports City Swimming Academy,3730000
1-41-2010-6910,Mortgages,Modify Mortgage,17-12-2006,Building,Residential / Commercial,Existing Properties,364,Al Wasl,Burj Khalifa,30628271
1-41-2010-6909,Gifts,Grant,16-08-2005,Villa,Residential,Existing Properties,276,Al Bada,Burj Khalifa,735000
1-41-2010-6908,Gifts,Grant,2/7/2017,Villa,Residential,Existing Properties,382,Al Waheda,Dubai International Airport,243919
1-41-2010-6907,Mortgages,Mortgage Registration,11/12/2001,Villa,Residential,Existing Properties,369,Al Barsha Third,Burj Al Arab,500000
1-41-2010-6906,Gifts,Grant,6/6/2016,Building,Residential / Commercial,Existing Properties,238,Al Dhagaya,Dubai International Airport,8250197
1-41-2010-6905,Sales,Sell,23-05-2007,Villa,Residential,Existing Properties,393,Al Barsha Second,Burj Al Arab,3150000
1-41-2010-6904,Mortgages,Mortgage Registration,14-12-2009,Villa,Residential,Existing Properties,299,Al Warqa Fourth,Dubai International Airport,500000
1-41-2010-6903,Sales,Sell,7/1/2016,Villa,Residential,Existing Properties,299,Al Warqa Fourth,Dubai International Airport,11500000
1-41-2010-6902,Mortgages,Mortgage Registration,22-02-2023,Villa,Residential,Existing Properties,298,Al Warqa Third,Dubai International Airport,300000
1-41-2010-6901,Sales,Sell,24-03-2002,Land,Residential,Existing Properties,317,Jumeirah First,Burj Khalifa,810000
1-41-2010-6900,Mortgages,Mortgage Registration,16-06-2002,Villa,Residential,Existing Properties,354,Al Warqa Second,Dubai International Airport,500000
1-41-2010-6899,Mortgages,Mortgage Registration,30-10-2008,Villa,Residential,Existing Properties,369,Al Barsha Third,Sports City Swimming Academy,3000000
1-41-2010-6898,Mortgages,Mortgage Registration,28-04-2004,Villa,Residential,Existing Properties,369,Al Barsha Third,Burj Al Arab,500000
1-41-2010-6897,Sales,Sell,27-02-2006,Land,Residential,Existing Properties,393,Al Barsha Second,Motor City,2250000
1-41-2010-6896,Sales,Sell,22-04-2002,Building,Residential / Commercial,Existing Properties,368,Al Barsha First,Burj Al Arab,10913000
1-41-2010-6895,Mortgages,Modify Mortgage,20-12-2006,Building,Commercial,Existing Properties,271,Al Karama,Dubai International Airport,null
1-41-2010-6894,Sales,Sell,5/1/2004,Villa,Residential,Existing Properties,370,Um Suqaim Third,Burj Al Arab,2500000
1-41-2010-6893,Sales,Sell,21-06-2021,Land,Residential,Existing Properties,316,Al Mezhar First,Dubai International Airport,3700000
1-41-2010-6892,Sales,Sell,3/1/2012,Villa,Residential,Existing Properties,300,Al Rashidiya,Dubai International Airport,1500000
1-41-2010-6891,Sales,Sell,1/6/2002,Villa,Residential,Existing Properties,328,Al Jafliya,Burj Khalifa,400000
1-41-2010-6890,Sales,Sell,12/3/2008,Building,Residential / Commercial,Existing Properties,339,Al Mararr,Dubai International Airport,20600000
1-41-2010-6889,Sales,Sell,9/11/2014,Villa,Residential,Existing Properties,310,Al Twar Second,Dubai International Airport,2700000
1-41-2010-6888,Mortgages,Mortgage Registration,24-01-1999,Villa,Residential,Existing Properties,359,Al Twar Third,Dubai International Airport,500000
1-41-2010-6887,Mortgages,Mortgage Registration,2/1/2017,Land,Residential,Existing Properties,394,Al Mezhar Second,,4400000
1-41-2010-6886,Sales,Sell,6/8/2018,Villa,Residential,Existing Properties,316,Al Mezhar First,Dubai International Airport,3900000
1-41-2010-6885,Mortgages,Modify Mortgage,8/3/2018,Building,Residential,Existing Properties,369,Al Barsha Third,Burj Al Arab,2894983
1-41-2010-6884,Mortgages,Mortgage Registration,8/5/2008,Villa,Residential,Existing Properties,393,Al Barsha Second,Burj Al Arab,750000
1-41-2010-6883,Sales,Sell,10/5/2022,Villa,Residential,Existing Properties,382,Al Waheda,Dubai International Airport,1950000
1-41-2010-6882,Sales,Sell,13-09-2003,Villa,Residential,Existing Properties,382,Al Waheda,Dubai International Airport,480000
1-41-2010-6881,Mortgages,Mortgage Registration,25-10-2018,Land,Residential,Existing Properties,338,Al Goze First,Downtown Dubai,1800000
1-41-2010-6880,Sales,Sell,15-05-2006,Land,Residential,Existing Properties,382,Al Waheda,Dubai International Airport,1220940
1-41-2010-6879,Sales,Sell,23-02-2014,Villa,Commercial,Existing Properties,315,Al Manara,Burj Al Arab,13700000
1-41-2010-6878,Mortgages,Mortgage Registration,25-01-2004,Building,Residential / Commercial,Existing Properties,362,Naif,Dubai International Airport,10000000
1-41-2010-6877,Mortgages,Mortgage Registration,11/3/2006,Building,Residential / Commercial,Existing Properties,240,Port Saeed,Dubai International Airport,11487359
1-41-2010-6876,Mortgages,Modify Mortgage,18-10-2010,Villa,Commercial,Existing Properties,317,Jumeirah First,Burj Khalifa,1120000
1-41-2010-6875,Sales,Sell,22-04-2003,Land,Commercial,Existing Properties,317,Jumeirah First,,2000000
1-41-2010-6874,Sales,Sell,9/10/2005,Villa,Residential,Existing Properties,328,Al Jafliya,Burj Khalifa,1600000
1-41-2010-6873,Sales,Sell,2/6/2003,Villa,Residential,Existing Properties,276,Al Bada,Burj Khalifa,620000
1-41-2010-6872,Sales,Sell,27-01-2023,Villa,Residential,Existing Properties,304,Um Suqaim Second,Burj Al Arab,9200000
1-41-2010-6871,Sales,Sell,26-11-2020,Land,Residential,Existing Properties,374,Um Al Sheif,Burj Al Arab,7275000
1-41-2010-6870,Gifts,Grant,13-10-2021,Building,Residential / Commercial,Existing Properties,240,Port Saeed,Dubai International Airport,7000000
1-41-2010-6869,Mortgages,Mortgage Registration,5/5/2001,Villa,Residential,Existing Properties,354,Al Warqa Second,Dubai International Airport,500000
1-41-2010-6868,Mortgages,Mortgage Registration,3/8/2022,Building,Residential,Existing Properties,298,Al Warqa Third,Dubai International Airport,750000
1-41-2010-6867,Gifts,Grant,16-12-2019,Villa,Commercial,Existing Properties,249,Al Muteena,Dubai International Airport,2031250
1-41-2010-6866,Sales,Sell,24-01-2004,Building,Agricultural,Existing Properties,399,Al Aweer Second,,6000000
1-41-2010-6865,Mortgages,Mortgage Registration,4/6/2007,Building,Agricultural,Existing Properties,401,Wadi Al Amardi,,45358530
1-41-2010-6864,Sales,Sell,18-05-2004,Building,Residential / Commercial,Existing Properties,235,Eyal Nasser,Dubai International Airport,2800000
1-41-2010-6863,Mortgages,Mortgage Registration,5/4/2017,Land,Residential,Existing Properties,396,Al Khawaneej First,,700000
1-41-2010-6862,Sales,Sell,22-01-2008,Building,Residential / Commercial,Existing Properties,355,Al Nahda First,Dubai International Airport,38750000
1-41-2010-6861,Mortgages,Mortgage Registration,1/10/2009,Villa,Residential,Existing Properties,350,Al Thanyah Fifth,Sports City Swimming Academy,3737500
1-41-2010-6860,Mortgages,Modify Mortgage,27-04-2008,Villa,Residential,Existing Properties,350,Al Thanyah Fifth,Sports City Swimming Academy,4416000
1-41-2010-6859,Sales,Sell,22-02-2007,Villa,Residential,Existing Properties,350,Al Thanyah Fifth,Sports City Swimming Academy,2000000
1-41-2010-6858,Mortgages,Mortgage Registration,8/4/2007,Building,Commercial,Existing Properties,308,Al Goze Industrial First,Burj Al Arab,98669779
1-41-2010-6857,Mortgages,Mortgage Registration,31-05-2006,Villa,Residential,Existing Properties,350,Al Thanyah Fifth,Sports City Swimming Academy,1435000
1-41-2010-6856,Sales,Sell,25-11-2008,Villa,Residential,Existing Properties,350,Al Thanyah Fifth,Sports City Swimming Academy,2100000
1-41-2010-6855,Sales,Lease to Own Registration,7/6/2011,Villa,Residential,Existing Properties,350,Al Thanyah Fifth,Sports City Swimming Academy,8030000
1-41-2010-6854,Sales,Sell,12/3/2007,Villa,Residential,Existing Properties,350,Al Thanyah Fifth,Sports City Swimming Academy,1950000
1-41-2010-6853,Sales,Sell,7/11/2022,Villa,Residential,Existing Properties,350,Al Thanyah Fifth,Sports City Swimming Academy,10900000
1-41-2010-6852,Sales,Sell,7/3/2004,Building,Agricultural,Existing Properties,399,Al Aweer Second,,2000000
1-41-2010-6851,Sales,Sell,28-09-2017,Villa,Residential,Existing Properties,350,Al Thanyah Fifth,Sports City Swimming Academy,6180000
1-41-2010-6850,Sales,Sell,17-04-2008,Villa,Residential,Existing Properties,350,Al Thanyah Fifth,Sports City Swimming Academy,8799800
1-41-2010-6849,Mortgages,Mortgage Registration,8/12/2021,Villa,Residential,Existing Properties,350,Al Thanyah Fifth,Sports City Swimming Academy,3850000
1-41-2010-6848,Mortgages,Mortgage Registration,1/6/2009,Villa,Residential,Existing Properties,350,Al Thanyah Fifth,Sports City Swimming Academy,3300000
1-41-2010-6847,Mortgages,Lease to Own Registration,13-04-2014,Villa,Residential,Existing Properties,350,Al Thanyah Fifth,Sports City Swimming Academy,4890000
1-41-2010-6846,Sales,Sell,13-04-2017,Villa,Residential,Existing Properties,350,Al Thanyah Fifth,Sports City Swimming Academy,6100000
1-41-2010-6845,Mortgages,Modify Mortgage,28-11-2016,Villa,Residential,Existing Properties,350,Al Thanyah Fifth,Sports City Swimming Academy,5000000
1-41-2010-6844,Sales,Sell,28-04-2008,Villa,Residential,Existing Properties,350,Al Thanyah Fifth,Sports City Swimming Academy,6300000
1-41-2010-6843,Mortgages,Mortgage Registration,9/6/2015,Villa,Residential,Existing Properties,350,Al Thanyah Fifth,Sports City Swimming Academy,7233000
1-41-2010-6842,Mortgages,Modify Mortgage,19-07-2017,Villa,Residential,Existing Properties,352,Al Thanayah Fourth,Sports City Swimming Academy,2750000
1-41-2010-6841,Sales,Sell,29-09-2015,Building,Agricultural,Existing Properties,399,Al Aweer Second,,14700501
1-41-2010-6840,Sales,Sell,3/5/2009,Villa,Residential,Existing Properties,352,Al Thanayah Fourth,Sports City Swimming Academy,1390120
1-41-2010-6839,Mortgages,Mortgage Registration,4/10/2007,Villa,Residential,Existing Properties,352,Al Thanayah Fourth,Sports City Swimming Academy,2896000
1-41-2010-6838,Sales,Sell,15-12-2004,Land,Commercial,Existing Properties,351,Al Thanyah Third,,6100000
1-41-2010-6837,Mortgages,Mortgage Registration,27-11-2004,Land,Commercial,Existing Properties,351,Al Thanyah Third,,19000000
1-41-2010-6836,Mortgages,Modify Mortgage,20-10-2021,Building,Residential,Existing Properties,328,Al Jafliya,Burj Khalifa,85000000
1-41-2010-6835,Sales,Sell,21-06-2009,Villa,Residential,Existing Properties,351,Al Thanyah Third,Sports City Swimming Academy,6900000
1-41-2010-6834,Sales,Sell,26-02-2006,Villa,Residential,Existing Properties,300,Al Rashidiya,Dubai International Airport,1200000
1-41-2010-6833,Sales,Sell,9/10/2005,Land,Other,Existing Properties,285,Nad Al Shiba,,6120240
1-41-2010-6832,Mortgages,Modify Mortgage,22-01-2018,Building,Residential / Commercial,Existing Properties,368,Al Barsha First,Burj Al Arab,45000000
1-41-2010-6831,Gifts,Grant,5/10/2006,Villa,Commercial,Existing Properties,233,Hor Al Anz,Dubai International Airport,800000
1-41-2010-6830,Mortgages,Mortgage Registration,23-10-2008,Villa,Other,Existing Properties,382,Al Waheda,Dubai International Airport,1450000
1-41-2010-6829,Mortgages,Mortgage Registration,27-11-2006,Land,Commercial,Existing Properties,233,Hor Al Anz,,1480000
1-41-2010-6828,Sales,Sell,5/5/2014,Building,Residential,Existing Properties,297,Al Warqa First,Dubai International Airport,16500000
1-41-2010-6827,Sales,Sell,31-07-2005,Land,Commercial,Existing Properties,296,Al Ruwayyah,,5939520
1-41-2010-6826,Sales,Sell,25-02-2014,Building,Residential / Commercial,Existing Properties,355,Al Nahda First,Dubai International Airport,32300400
1-41-2010-6825,Sales,Sell,11/11/2021,Villa,Residential,Existing Properties,352,Al Thanayah Fourth,Sports City Swimming Academy,4750000
1-41-2010-6824,Mortgages,Delayed Mortgage,5/10/2010,Villa,Residential,Existing Properties,352,Al Thanayah Fourth,Sports City Swimming Academy,142639
1-41-2010-6823,Mortgages,Mortgage Registration,4/11/2008,Villa,Residential,Existing Properties,352,Al Thanayah Fourth,Sports City Swimming Academy,645922
1-41-2010-6822,Sales,Sell,26-03-2007,Villa,Residential,Existing Properties,352,Al Thanayah Fourth,Sports City Swimming Academy,1351800
1-41-2010-6821,Mortgages,Lease to Own Registration,28-10-2010,Villa,Residential,Existing Properties,352,Al Thanayah Fourth,Sports City Swimming Academy,2314000
1-41-2010-6820,Sales,Sell,20-04-2014,Villa,Residential,Existing Properties,352,Al Thanayah Fourth,Sports City Swimming Academy,5150000
1-41-2010-6819,Sales,Lease to Own Registration,1/8/2007,Villa,Residential,Existing Properties,352,Al Thanayah Fourth,Sports City Swimming Academy,2400000
1-41-2010-6818,Mortgages,Mortgage Registration,4/10/2011,Villa,Residential,Existing Properties,352,Al Thanayah Fourth,Sports City Swimming Academy,1767685
1-41-2010-6817,Mortgages,Mortgage Registration,17-12-2008,Villa,Residential,Existing Properties,415,Al Barshaa South First,Motor City,750000
1-41-2010-6816,Sales,Sell,24-03-2010,Villa,Residential,Existing Properties,352,Al Thanayah Fourth,Sports City Swimming Academy,1693888
1-41-2010-6815,Sales,Sell,25-04-2019,Villa,Residential,Existing Properties,352,Al Thanayah Fourth,Sports City Swimming Academy,3750000
1-41-2010-6814,Sales,Sell,13-09-2021,Villa,Residential,Existing Properties,352,Al Thanayah Fourth,Sports City Swimming Academy,4600000
1-41-2010-6813,Sales,Sell,4/2/2021,Villa,Residential,Existing Properties,352,Al Thanayah Fourth,Sports City Swimming Academy,4950000
1-41-2010-6812,Gifts,Grant,4/7/2011,Villa,Residential,Existing Properties,352,Al Thanayah Fourth,Sports City Swimming Academy,1876500
1-41-2010-6811,Mortgages,Mortgage Registration,29-08-2013,Villa,Residential,Existing Properties,352,Al Thanayah Fourth,Sports City Swimming Academy,2000000
1-41-2010-6810,Mortgages,Mortgage Registration,4/10/2010,Villa,Residential,Existing Properties,351,Al Thanyah Third,Burj Al Arab,6276232
1-41-2010-6809,Mortgages,Modify Mortgage,3/1/2023,Villa,Residential,Existing Properties,352,Al Thanayah Fourth,Sports City Swimming Academy,3588694
1-41-2010-6808,Mortgages,Modify Mortgage,17-06-2010,Villa,Residential,Existing Properties,352,Al Thanayah Fourth,Sports City Swimming Academy,11000000
1-41-2010-6807,Gifts,Grant,7/11/2022,Land,Residential,Existing Properties,352,Al Thanayah Fourth,Sports City Swimming Academy,10780082
1-41-2010-6806,Mortgages,Modify Mortgage,22-08-2017,Villa,Residential,Existing Properties,352,Al Thanayah Fourth,Sports City Swimming Academy,25000000
1-41-2010-6805,Mortgages,Mortgage Registration,18-06-2017,Villa,Residential,Existing Properties,434,Wadi Al Safa 6,Motor City,2868750
1-41-2010-6804,Mortgages,Mortgage Registration,7/9/2008,Villa,Residential,Existing Properties,434,Wadi Al Safa 6,Motor City,2640000
1-41-2010-6803,Sales,Sell,26-10-2008,Villa,Residential,Existing Properties,434,Wadi Al Safa 6,Motor City,2191888
1-41-2010-6802,Sales,Sell,29-10-2009,Villa,Residential,Existing Properties,351,Al Thanyah Third,Burj Al Arab,6065888
1-41-2010-6801,Sales,Delayed Sell,21-10-2015,Land,Residential,Existing Properties,434,Wadi Al Safa 6,Motor City,7600000
1-41-2010-6800,Mortgages,Mortgage Registration,16-12-2021,Villa,Residential,Existing Properties,434,Wadi Al Safa 6,Motor City,4760540
1-41-2010-6799,Mortgages,Mortgage Registration,26-02-2009,Villa,Residential,Existing Properties,434,Wadi Al Safa 6,Motor City,3045000
1-41-2010-6798,Mortgages,Mortgage Registration,14-01-2014,Villa,Residential,Existing Properties,396,Al Khawaneej First,,750000
1-41-2010-6797,Sales,Sell,2/6/2010,Land,Residential,Existing Properties,352,Al Thanayah Fourth,Sports City Swimming Academy,24000000
1-41-2010-6796,Sales,Delayed Sell,12/7/2009,Land,Commercial,Existing Properties,285,Nad Al Shiba,,13055000
1-41-2010-6795,Sales,Sell,6/5/2010,Villa,Residential,Existing Properties,435,Al Hebiah Fourth,Sports City Swimming Academy,1850000
1-41-2010-6794,Sales,Sell,13-10-2011,Land,Residential,Existing Properties,352,Al Thanayah Fourth,Sports City Swimming Academy,1760520
1-41-2010-6793,Mortgages,Mortgage Registration,27-02-2013,Villa,Residential,Existing Properties,434,Wadi Al Safa 6,Motor City,5475000
1-41-2010-6792,Mortgages,Mortgage Registration,27-09-2020,Villa,Residential,Existing Properties,434,Wadi Al Safa 6,Motor City,2927358
1-41-2010-6791,Mortgages,Modify Mortgage,25-04-2018,Villa,Residential,Existing Properties,434,Wadi Al Safa 6,Motor City,5600000
1-41-2010-6790,Mortgages,Lease to Own Transfer,6/9/2010,Villa,Residential,Existing Properties,434,Wadi Al Safa 6,Global Village,3320469
1-41-2010-6789,Mortgages,Lease Finance Registration,4/4/2019,Villa,Residential,Existing Properties,434,Wadi Al Safa 6,Global Village,2785000
1-41-2010-6788,Mortgages,Mortgage Registration,10/5/2015,Villa,Residential,Existing Properties,434,Wadi Al Safa 6,Global Village,3783000
1-41-2010-6787,Mortgages,Mortgage Registration,21-03-2022,Villa,Residential,Existing Properties,434,Wadi Al Safa 6,Global Village,3998960
1-41-2010-6786,Mortgages,Mortgage Registration,25-05-2011,Villa,Residential,Existing Properties,434,Wadi Al Safa 6,Global Village,2960000
1-41-2010-6785,Mortgages,Mortgage Registration,25-06-2009,Villa,Residential,Existing Properties,434,Wadi Al Safa 6,Global Village,2660000
1-41-2010-6784,Mortgages,Mortgage Registration,27-04-2022,Villa,Residential,Existing Properties,434,Wadi Al Safa 6,Global Village,3712500
1-41-2010-6783,Mortgages,Mortgage Registration,31-10-2018,Villa,Residential,Existing Properties,434,Wadi Al Safa 6,Global Village,2100000
1-41-2010-6782,Mortgages,Mortgage Registration,7/2/2016,Villa,Residential,Existing Properties,434,Wadi Al Safa 6,Motor City,2541889
1-41-2010-6781,Mortgages,Mortgage Registration,4/9/2007,Villa,Residential,Existing Properties,434,Wadi Al Safa 6,Global Village,2558000
1-41-2010-6780,Sales,Sell,29-04-2008,Villa,Residential,Existing Properties,434,Wadi Al Safa 6,Motor City,2125888
1-41-2010-6779,Mortgages,Mortgage Registration,9/11/2015,Villa,Residential,Existing Properties,434,Wadi Al Safa 6,Motor City,3225000
1-41-2010-6778,Mortgages,Mortgage Registration,24-01-2007,Villa,Residential,Existing Properties,434,Wadi Al Safa 6,Global Village,2419910
1-41-2010-6777,Sales,Sell,17-09-2018,Villa,Residential,Existing Properties,434,Wadi Al Safa 6,Motor City,4100000
1-41-2010-6776,Mortgages,Mortgage Registration,14-05-2007,Villa,Residential,Existing Properties,410,Palm Jumeirah,Burj Al Arab,4900000
1-41-2010-6775,Sales,Sell,8/3/2018,Villa,Residential,Existing Properties,434,Wadi Al Safa 6,Motor City,3200000
1-41-2010-6774,Sales,Sell,29-04-2013,Villa,Residential,Existing Properties,351,Al Thanyah Third,Burj Al Arab,4505888
1-41-2010-6773,Sales,Delayed Sell,8/7/2009,Land,Commercial,Existing Properties,285,Nad Al Shiba,,10873115
1-41-2010-6772,Sales,Sell,27-06-2007,Villa,Residential,Existing Properties,232,Mirdif,Dubai International Airport,59616
1-41-2010-6771,Sales,Sell,20-08-2008,Villa,Residential,Existing Properties,410,Palm Jumeirah,Burj Al Arab,2600000
1-41-2010-6770,Sales,Sell,15-01-2008,Land,Multi-Use,Existing Properties,334,Al Jadaf,Dubai International Airport,11811918
1-41-2010-6769,Mortgages,Modify Mortgage,12/11/2017,Building,Multi-Use,Existing Properties,334,Al Jadaf,Dubai International Airport,28000000
1-41-2010-6768,Sales,Sell,26-08-2007,Land,Commercial,Existing Properties,334,Al Jadaf,Dubai International Airport,17005136
1-41-2010-6767,Sales,Sell,5/5/2010,Land,Commercial,Existing Properties,334,Al Jadaf,,41055000
1-41-2010-6766,Mortgages,Mortgage Registration,1/10/2009,Villa,Residential / Commercial,Existing Properties,307,Al Safouh First,Burj Al Arab,2978400
1-41-2010-6765,Sales,Sell,4/11/2008,Villa,Residential,Existing Properties,410,Palm Jumeirah,Burj Al Arab,2600000
1-41-2010-6764,Sales,Sell,23-09-2007,Villa,Residential,Existing Properties,410,Palm Jumeirah,Burj Al Arab,18543600
1-41-2010-6763,Sales,Sell,24-05-2010,Villa,Residential,Existing Properties,410,Palm Jumeirah,Burj Al Arab,9000000
1-41-2010-6762,Sales,Sell,26-09-2007,Land,Commercial,Existing Properties,232,Mirdif,,29510800
1-41-2010-6761,Sales,Sell,18-10-2012,Land,Residential / Commercial,Existing Properties,323,Al Qusais Industrial Fifth,Dubai International Airport,8221800
1-41-2010-6760,Sales,Sell,21-11-2007,Land,Commercial,Existing Properties,232,Mirdif,Dubai International Airport,12481000
1-41-2010-6759,Sales,Sell,29-12-2009,Land,Commercial,Existing Properties,232,Mirdif,Dubai International Airport,4822800
1-41-2010-6758,Sales,Sell,22-08-2021,Building,Residential,Existing Properties,232,Mirdif,Dubai International Airport,5925230
1-41-2010-6757,Gifts,Grant,23-06-2021,Villa,Residential,Existing Properties,410,Palm Jumeirah,Burj Al Arab,24000000
1-41-2010-6756,Sales,Sell,17-10-2017,Villa,Residential,Existing Properties,434,Wadi Al Safa 6,Motor City,4360000
1-41-2010-6755,Sales,Sell,10/11/2022,Building,Residential,Existing Properties,374,Um Al Sheif,Burj Al Arab,13000000
1-41-2010-6754,Mortgages,Lease Finance Modification,28-09-2022,Villa,Residential,Existing Properties,410,Palm Jumeirah,Burj Al Arab,5940000
1-41-2010-6753,Gifts,Grant,6/2/2008,Villa,Residential,Existing Properties,276,Al Bada,Burj Khalifa,2199991
1-41-2010-6752,Sales,Sell,15-10-2014,Building,Residential / Commercial,Existing Properties,297,Al Warqa First,Dubai International Airport,11670360
1-41-2010-6751,Sales,Sell,3/8/2008,Land,Other,Existing Properties,284,Jabal Ali,Expo 2020 Site,7029787
1-41-2010-6750,Sales,Sell,3/5/2009,Land,Other,Existing Properties,284,Jabal Ali,,5514531
1-41-2010-6749,Mortgages,Mortgage Registration,13-06-2012,Villa,Residential,Existing Properties,310,Al Twar Second,Dubai International Airport,750000
1-41-2010-6748,Sales,Sell,27-08-2008,Land,Commercial,Existing Properties,296,Al Ruwayyah,,1802030
1-41-2010-6747,Sales,Sell,15-10-2009,Land,Commercial,Existing Properties,285,Nad Al Shiba,,5808920
1-41-2010-6746,Sales,Sell,4/3/2008,Land,Commercial,Existing Properties,390,Burj Khalifa,,41095000
1-41-2010-6745,Sales,Sell,8/4/2008,Land,Commercial,Existing Properties,296,Al Ruwayyah,,768000
1-41-2010-6744,Sales,Sell,11/9/2008,Land,Commercial,Existing Properties,296,Al Ruwayyah,,2783634
1-41-2010-6743,Mortgages,Mortgage Registration,21-08-2014,Land,Residential,Existing Properties,395,Jabal Ali Industrial First,Expo 2020 Site,22500000
1-41-2010-6742,Sales,Sell,23-03-2008,Land,Residential,Existing Properties,395,Jabal Ali Industrial First,,27000000
1-41-2010-6741,Sales,Sell,24-06-2013,Villa,Residential,Existing Properties,351,Al Thanyah Third,Sports City Swimming Academy,5300000
1-41-2010-6740,Sales,Sell,18-08-2010,Villa,Residential,Existing Properties,351,Al Thanyah Third,Sports City Swimming Academy,3897744
1-41-2010-6739,Sales,Sell,6/8/2020,Villa,Residential,Existing Properties,351,Al Thanyah Third,Sports City Swimming Academy,3250000
1-41-2010-6738,Sales,Sell,31-08-2016,Villa,Residential,Existing Properties,351,Al Thanyah Third,Sports City Swimming Academy,4300000
1-41-2010-6737,Sales,Sell,4/4/2013,Villa,Residential,Existing Properties,351,Al Thanyah Third,Sports City Swimming Academy,5000000
1-41-2010-6736,Mortgages,Mortgage Registration,24-07-2018,Villa,Residential,Existing Properties,351,Al Thanyah Third,Sports City Swimming Academy,2990000
1-41-2010-6735,Gifts,Grant,14-08-2008,Building,Residential / Commercial,Existing Properties,323,Al Qusais Industrial Fifth,Dubai International Airport,25208750
1-41-2010-6734,Sales,Sell,20-04-2008,Land,Residential / Commercial,Existing Properties,334,Al Jadaf,Dubai International Airport,28874000
1-41-2010-6733,Sales,Sell,20-07-2008,Villa,Residential,Existing Properties,410,Palm Jumeirah,Burj Al Arab,4650000
1-41-2010-6732,Gifts,Grant,11/1/2018,Villa,Residential,Existing Properties,441,Al Barsha South Fourth,Sports City Swimming Academy,3000000
1-41-2010-6731,Sales,Sell,18-06-2018,Villa,Residential,Existing Properties,441,Al Barsha South Fourth,Sports City Swimming Academy,1365000
1-41-2010-6730,Gifts,Grant,18-09-2019,Land,Multi-Use,Existing Properties,441,Al Barsha South Fourth,Sports City Swimming Academy,11392511
1-41-2010-6729,Sales,Delayed Sell,14-12-2009,Building,Multi-Use,Existing Properties,441,Al Barsha South Fourth,Sports City Swimming Academy,8947600
1-41-2010-6728,Sales,Delayed Sell,7/10/2008,Villa,Residential,Existing Properties,441,Al Barsha South Fourth,Sports City Swimming Academy,3522900
1-41-2010-6727,Sales,Lease to Own Registration,19-12-2013,Villa,Residential,Existing Properties,441,Al Barsha South Fourth,Sports City Swimming Academy,1450000
1-41-2010-6726,Sales,Sell,13-04-2017,Villa,Residential,Existing Properties,441,Al Barsha South Fourth,Sports City Swimming Academy,2950000
1-41-2010-6725,Sales,Sell,30-01-2014,Villa,Residential,Existing Properties,441,Al Barsha South Fourth,Sports City Swimming Academy,2450000
1-41-2010-6724,Sales,Delayed Sell,10/6/2008,Building,Residential,Existing Properties,441,Al Barsha South Fourth,Sports City Swimming Academy,7498800
1-41-2010-6723,Gifts,Grant,8/7/2021,Land,Multi-Use,Existing Properties,441,Al Barsha South Fourth,Sports City Swimming Academy,12002695
1-41-2010-6722,Gifts,Grant,8/2/2018,Land,Multi-Use,Existing Properties,441,Al Barsha South Fourth,Sports City Swimming Academy,11195157
1-41-2010-6721,Sales,Lease to Own Registration,19-11-2017,Villa,Residential,Existing Properties,441,Al Barsha South Fourth,Sports City Swimming Academy,1393600
1-41-2010-6720,Mortgages,Portfolio Mortgage Modification,17-05-2022,Land,Residential,Existing Properties,441,Al Barsha South Fourth,Sports City Swimming Academy,4600000
1-41-2010-6719,Sales,Sell,3/10/2013,Land,Other,Existing Properties,285,Nad Al Shiba,,1656600
1-41-2010-6718,Sales,Sell,26-05-2013,Land,Other,Existing Properties,285,Nad Al Shiba,,5403600
1-41-2010-6717,Sales,Sell,4/10/2020,Villa,Residential,Existing Properties,442,Al Barsha South Fifth,Sports City Swimming Academy,1900000
1-41-2010-6716,Mortgages,Modify Mortgage,15-09-2014,Villa,Residential,Existing Properties,442,Al Barsha South Fifth,Sports City Swimming Academy,2587500
1-41-2010-6715,Sales,Sell,9/5/2013,Villa,Residential,Existing Properties,442,Al Barsha South Fifth,Sports City Swimming Academy,1487200
1-41-2010-6714,Sales,Sell,11/8/2020,Villa,Residential,Existing Properties,442,Al Barsha South Fifth,Sports City Swimming Academy,1500000
1-41-2010-6713,Mortgages,Mortgage Transfer,23-10-2021,Villa,Residential,Existing Properties,442,Al Barsha South Fifth,Sports City Swimming Academy,1144000
1-41-2010-6712,Sales,Delayed Sell,27-08-2008,Land,Multi-Use,Existing Properties,442,Al Barsha South Fifth,Sports City Swimming Academy,27262100
1-41-2010-6711,Sales,Lease to Own Registration,21-06-2011,Villa,Residential,Existing Properties,442,Al Barsha South Fifth,Sports City Swimming Academy,1487200
1-41-2010-6710,Mortgages,Lease to Own Registration,4/3/2015,Villa,Residential,Existing Properties,442,Al Barsha South Fifth,Sports City Swimming Academy,1675000
1-41-2010-6709,Mortgages,Delayed Mortgage,24-09-2009,Villa,Residential,Existing Properties,442,Al Barsha South Fifth,Sports City Swimming Academy,1162500
1-41-2010-6708,Sales,Sell,27-08-2015,Villa,Residential,Existing Properties,442,Al Barsha South Fifth,Sports City Swimming Academy,3000000
1-41-2010-6707,Mortgages,Mortgage Registration,18-05-2011,Villa,Residential,Existing Properties,442,Al Barsha South Fifth,Sports City Swimming Academy,1260000
1-41-2010-6706,Mortgages,Mortgage Registration,15-10-2019,Villa,Residential,Existing Properties,442,Al Barsha South Fifth,Sports City Swimming Academy,1125000
1-41-2010-6705,Mortgages,Mortgage Registration,11/4/2013,Villa,Residential,Existing Properties,442,Al Barsha South Fifth,Sports City Swimming Academy,1119000
1-41-2010-6704,Mortgages,Mortgage Registration,10/5/2017,Villa,Residential,Existing Properties,442,Al Barsha South Fifth,Sports City Swimming Academy,2100000
1-41-2010-6703,Mortgages,Mortgage Registration,15-04-2013,Villa,Residential,Existing Properties,442,Al Barsha South Fifth,Sports City Swimming Academy,1162500
1-41-2010-6702,Sales,Delayed Sell,14-12-2009,Villa,Residential,Existing Properties,442,Al Barsha South Fifth,Sports City Swimming Academy,921100
1-41-2010-6701,Mortgages,Mortgage Registration,20-12-2015,Villa,Residential,Existing Properties,442,Al Barsha South Fifth,Sports City Swimming Academy,2565000
1-41-2010-6700,Mortgages,Mortgage Registration,22-04-2013,Villa,Residential,Existing Properties,442,Al Barsha South Fifth,Sports City Swimming Academy,1119000
1-41-2010-6699,Mortgages,Mortgage Registration,29-04-2022,Villa,Residential,Existing Properties,442,Al Barsha South Fifth,Sports City Swimming Academy,1230000
1-41-2010-6698,Sales,Sell,30-05-2018,Villa,Residential,Existing Properties,442,Al Barsha South Fifth,Sports City Swimming Academy,2500000
1-41-2010-6697,Mortgages,Mortgage Registration,28-04-2010,Villa,Residential,Existing Properties,442,Al Barsha South Fifth,Sports City Swimming Academy,1800000
1-41-2010-6696,Sales,Sell,1/2/2021,Villa,Residential,Existing Properties,442,Al Barsha South Fifth,Sports City Swimming Academy,2200000
1-41-2010-6695,Sales,Lease to Own Registration,15-06-2010,Villa,Residential,Existing Properties,442,Al Barsha South Fifth,Sports City Swimming Academy,1479800
1-41-2010-6694,Sales,Lease to Own Registration,6/6/2012,Villa,Residential,Existing Properties,442,Al Barsha South Fifth,Sports City Swimming Academy,861400
1-41-2010-6693,Mortgages,Lease Finance Registration,20-10-2014,Villa,Residential,Existing Properties,442,Al Barsha South Fifth,Sports City Swimming Academy,1200000
1-41-2010-6692,Mortgages,Mortgage Registration,14-01-2020,Villa,Residential,Existing Properties,442,Al Barsha South Fifth,Sports City Swimming Academy,1350000
1-41-2010-6691,Sales,Sell,24-09-2009,Villa,Residential,Existing Properties,442,Al Barsha South Fifth,Sports City Swimming Academy,1505800
1-41-2010-6690,Sales,Lease to Own Registration,25-04-2013,Villa,Residential,Existing Properties,442,Al Barsha South Fifth,Sports City Swimming Academy,1365800
1-41-2010-6689,Sales,Lease to Own Registration,5/4/2011,Villa,Residential,Existing Properties,442,Al Barsha South Fifth,Sports City Swimming Academy,1495400
1-41-2010-6688,Sales,Sell,16-11-2017,Villa,Residential,Existing Properties,442,Al Barsha South Fifth,Sports City Swimming Academy,1006400
1-41-2010-6687,Sales,Delayed Sell,3/7/2008,Land,Commercial,Existing Properties,284,Jabal Ali,Sports City Swimming Academy,23305500
1-41-2010-6686,Sales,Delayed Sell,23-12-2009,Land,Commercial,Existing Properties,284,Jabal Ali,,2587000
1-41-2010-6685,Sales,Delayed Sell,26-06-2008,Land,Commercial,Existing Properties,296,Al Ruwayyah,,762000
1-41-2010-6684,Mortgages,Mortgage Registration,7/1/2016,Land,Commercial,Existing Properties,296,Al Ruwayyah,IMG World Adventures,5200000
1-41-2010-6683,Sales,Delayed Sell,6/7/2008,Land,Commercial,Existing Properties,296,Al Ruwayyah,,1355000
1-41-2010-6682,Mortgages,Mortgage Registration,16-12-2008,Villa,Residential,Existing Properties,340,Al Goze Second,Downtown Dubai,750000
1-41-2010-6681,Mortgages,Mortgage Registration,23-10-2016,Building,Multi-Use,Existing Properties,443,Al Thanyah First,Burj Al Arab,70000000
1-41-2010-6680,Mortgages,Mortgage Registration,14-06-2007,Land,Multi-Use,Existing Properties,443,Al Thanyah First,Burj Al Arab,28000000
1-41-2010-6679,Mortgages,Mortgage Registration,28-09-2010,Villa,Residential,Existing Properties,340,Al Goze Second,Downtown Dubai,750000
1-41-2010-6678,Sales,Lease to Own Registration,10/3/2010,Villa,Residential,Existing Properties,410,Palm Jumeirah,Burj Al Arab,2600000
1-41-2010-6677,Mortgages,Mortgage Registration,18-03-2020,Villa,Residential,Existing Properties,410,Palm Jumeirah,Burj Al Arab,25000000
1-41-2010-6676,Mortgages,Mortgage Registration,23-06-2010,Villa,Residential,Existing Properties,435,Al Hebiah Fourth,Sports City Swimming Academy,5058427
1-41-2010-6675,Mortgages,Mortgage Registration,23-08-2021,Villa,Residential,Existing Properties,435,Al Hebiah Fourth,Sports City Swimming Academy,4463220
1-41-2010-6674,Mortgages,Mortgage Registration,16-07-2018,Villa,Residential,Existing Properties,435,Al Hebiah Fourth,Sports City Swimming Academy,2619000
1-41-2010-6673,Mortgages,Lease to Own Registration,20-10-2009,Villa,Residential,Existing Properties,435,Al Hebiah Fourth,Sports City Swimming Academy,1581579
1-41-2010-6672,Mortgages,Modify Mortgage,28-01-2014,Villa,Residential,Existing Properties,435,Al Hebiah Fourth,Sports City Swimming Academy,5355000
1-41-2010-6671,Sales,Sell,4/8/2020,Villa,Residential,Existing Properties,435,Al Hebiah Fourth,Sports City Swimming Academy,3650000
1-41-2010-6670,Mortgages,Mortgage Registration,10/2/2019,Villa,Residential,Existing Properties,435,Al Hebiah Fourth,Sports City Swimming Academy,1231000
1-41-2010-6669,Mortgages,Lease to Own Registration,19-05-2013,Villa,Residential,Existing Properties,435,Al Hebiah Fourth,Sports City Swimming Academy,1891741
1-41-2010-6668,Sales,Delayed Sell,11/2/2013,Villa,Residential,Existing Properties,435,Al Hebiah Fourth,Sports City Swimming Academy,2900000
1-41-2010-6667,Gifts,Grant,20-03-2013,Villa,Residential,Existing Properties,352,Al Thanayah Fourth,Sports City Swimming Academy,4100000
1-41-2010-6666,Mortgages,Mortgage Registration,22-02-2009,Land,Multi-Use,Existing Properties,334,Al Jadaf,Dubai International Airport,10000000
1-41-2010-6665,Sales,Sell,28-07-2022,Villa,Residential,Existing Properties,352,Al Thanayah Fourth,Sports City Swimming Academy,7000000
1-41-2010-6664,Sales,Delayed Sell,3/9/2009,Land,Commercial,Existing Properties,284,Jabal Ali,,7400000
1-41-2010-6663,Mortgages,Mortgage Registration,4/8/2020,Villa,Residential,Existing Properties,350,Al Thanyah Fifth,Sports City Swimming Academy,2120000
1-41-2010-6662,Sales,Sell,3/10/2013,Villa,Residential,Existing Properties,350,Al Thanyah Fifth,Sports City Swimming Academy,2535200
1-41-2010-6661,Sales,Delayed Sell,7/9/2009,Land,Commercial,Existing Properties,284,Jabal Ali,,10100000
1-41-2010-6660,Mortgages,Delayed Mortgage,7/9/2009,Land,Commercial,Existing Properties,284,Jabal Ali,,6381717
1-41-2010-6659,Sales,Lease to Own Registration,19-10-2014,Villa,Residential,Existing Properties,452,Al Hebiah Second,Motor City,16750000
1-41-2010-6658,Mortgages,Mortgage Registration,25-12-2016,Land,Residential,Existing Properties,401,Wadi Al Amardi,,48200000
1-41-2010-6657,Sales,Delayed Sell,4/3/2009,Land,Commercial,Existing Properties,284,Jabal Ali,,1791237
1-41-2010-6656,Mortgages,Mortgage Registration,9/12/2013,Villa,Residential,Existing Properties,350,Al Thanyah Fifth,Sports City Swimming Academy,2900000
1-41-2010-6655,Mortgages,Mortgage Registration,7/6/2018,Villa,Residential,Existing Properties,350,Al Thanyah Fifth,Sports City Swimming Academy,3140250
1-41-2010-6654,Sales,Delayed Sell,4/9/2013,Villa,Residential,Existing Properties,350,Al Thanyah Fifth,Sports City Swimming Academy,4621000
1-41-2010-6653,Sales,Sell,27-10-2020,Villa,Residential,Existing Properties,350,Al Thanyah Fifth,Sports City Swimming Academy,4000000
1-41-2010-6652,Sales,Delayed Sell,9/11/2014,Villa,Residential,Existing Properties,350,Al Thanyah Fifth,Sports City Swimming Academy,4622700
1-41-2010-6651,Mortgages,Delayed Mortgage,7/1/2016,Villa,Residential,Existing Properties,350,Al Thanyah Fifth,Sports City Swimming Academy,4365450
1-41-2010-6650,Mortgages,Mortgage Registration,20-07-2015,Villa,Residential,Existing Properties,350,Al Thanyah Fifth,Sports City Swimming Academy,3750000
1-41-2010-6649,Sales,Sell,11/2/2014,Villa,Residential,Existing Properties,350,Al Thanyah Fifth,Sports City Swimming Academy,5200000
1-41-2010-6648,Mortgages,Mortgage Registration,28-01-2019,Villa,Residential,Existing Properties,350,Al Thanyah Fifth,Sports City Swimming Academy,3015000
1-41-2010-6647,Mortgages,Mortgage Registration,23-02-2021,Villa,Residential,Existing Properties,350,Al Thanyah Fifth,Sports City Swimming Academy,2320000
1-41-2010-6646,Sales,Sell,23-09-2013,Villa,Residential,Existing Properties,350,Al Thanyah Fifth,Sports City Swimming Academy,2936800
1-41-2010-6645,Mortgages,Mortgage Registration,26-02-2017,Villa,Residential,Existing Properties,350,Al Thanyah Fifth,Sports City Swimming Academy,2520000
1-41-2010-6644,Sales,Delayed Sell,2/11/2014,Villa,Residential,Existing Properties,350,Al Thanyah Fifth,Sports City Swimming Academy,2825100
1-41-2010-6643,Sales,Delayed Sell,27-01-2013,Villa,Residential,Existing Properties,350,Al Thanyah Fifth,Sports City Swimming Academy,2500000
1-41-2010-6642,Sales,Sell,3/10/2013,Villa,Residential,Existing Properties,350,Al Thanyah Fifth,Sports City Swimming Academy,2965000
1-41-2010-6641,Mortgages,Mortgage Registration,12/5/2022,Villa,Residential,Existing Properties,350,Al Thanyah Fifth,Sports City Swimming Academy,3244800
1-41-2010-6640,Mortgages,Mortgage Registration,18-11-2021,Villa,Residential,Existing Properties,350,Al Thanyah Fifth,Sports City Swimming Academy,2590000
1-41-2010-6639,Sales,Delayed Sell,2/8/2012,Villa,Residential,Existing Properties,350,Al Thanyah Fifth,Sports City Swimming Academy,1700000
1-41-2010-6638,Sales,Sell,6/4/2014,Villa,Residential,Existing Properties,350,Al Thanyah Fifth,Sports City Swimming Academy,3728100
1-41-2010-6637,Mortgages,Delayed Mortgage,17-04-2013,Villa,Residential,Existing Properties,350,Al Thanyah Fifth,Sports City Swimming Academy,3060000
1-41-2010-6636,Mortgages,Mortgage Registration,19-01-2014,Villa,Residential,Existing Properties,350,Al Thanyah Fifth,Sports City Swimming Academy,2900000
1-41-2010-6635,Sales,Lease to Own Registration,27-11-2013,Villa,Residential,Existing Properties,350,Al Thanyah Fifth,Sports City Swimming Academy,2327900
1-41-2010-6634,Sales,Delayed Sell,25-12-2013,Villa,Residential,Existing Properties,350,Al Thanyah Fifth,Sports City Swimming Academy,4062000
1-41-2010-6633,Sales,Delayed Sell,17-12-2009,Villa,Residential,Existing Properties,350,Al Thanyah Fifth,Sports City Swimming Academy,3468000
1-41-2010-6632,Mortgages,Mortgage Registration,15-11-2021,Villa,Residential,Existing Properties,350,Al Thanyah Fifth,Sports City Swimming Academy,4054500
1-41-2010-6631,Mortgages,Delayed Mortgage,4/11/2012,Villa,Residential,Existing Properties,350,Al Thanyah Fifth,Sports City Swimming Academy,3049690
1-41-2010-6630,Sales,Delayed Sell,11/6/2012,Villa,Residential,Existing Properties,350,Al Thanyah Fifth,Sports City Swimming Academy,3370400
1-41-2010-6629,Sales,Sell,15-02-2021,Villa,Residential,Existing Properties,350,Al Thanyah Fifth,Sports City Swimming Academy,3135000
1-41-2010-6628,Mortgages,Delayed Mortgage,4/2/2015,Villa,Residential,Existing Properties,350,Al Thanyah Fifth,Sports City Swimming Academy,1997500
1-41-2010-6627,Sales,Sell,28-02-2023,Villa,Residential,Existing Properties,350,Al Thanyah Fifth,Sports City Swimming Academy,4379486
1-41-2010-6626,Mortgages,Mortgage Registration,26-03-2014,Villa,Residential,Existing Properties,350,Al Thanyah Fifth,Sports City Swimming Academy,5100000
1-41-2010-6625,Sales,Sell,10/12/2015,Villa,Residential,Existing Properties,350,Al Thanyah Fifth,Sports City Swimming Academy,4999000
1-41-2010-6624,Sales,Sell,10/10/2022,Villa,Residential,Existing Properties,350,Al Thanyah Fifth,Sports City Swimming Academy,3950000
1-41-2010-6623,Mortgages,Mortgage Registration,22-07-2009,Villa,Residential,Existing Properties,402,Oud Al Muteena First,Dubai International Airport,750000
1-41-2010-6622,Sales,Lease to Own Registration,4/9/2016,Land,Residential,Existing Properties,414,Al Barshaa South Second,Sports City Swimming Academy,2500000
1-41-2010-6621,Mortgages,Modify Mortgage,6/4/2010,Land,Multi-Use,Existing Properties,443,Al Thanyah First,Burj Al Arab,null
1-41-2010-6620,Mortgages,Mortgage Registration,12/8/2009,Villa,Residential,Existing Properties,402,Oud Al Muteena First,Dubai International Airport,750000
1-41-2010-6619,Sales,Sell,21-12-2010,Building,Residential / Commercial,Existing Properties,393,Al Barsha Second,Burj Al Arab,5633600
1-41-2010-6618,Sales,Sell,7/6/2010,Land,Commercial,Existing Properties,326,Um Hurair Second,Dubai International Airport,15743875
1-41-2010-6617,Gifts,Grant,25-02-2021,Land,Commercial,Existing Properties,414,Al Barshaa South Second,Motor City,12981349
1-41-2010-6616,Sales,Development Registration,17-05-2012,Land,Commercial,Existing Properties,350,Al Thanyah Fifth,Burj Al Arab,9717744
1-41-2010-6615,Sales,Sell,20-12-2012,Villa,Residential,Existing Properties,463,Wadi Al Safa 7,Dubai Cycling Course,2712000
1-41-2010-6614,Mortgages,Mortgage Registration,23-06-2010,Villa,Residential,Existing Properties,415,Al Barshaa South First,Motor City,750000
1-41-2010-6613,Mortgages,Mortgage Registration,4/11/2014,Building,Residential,Existing Properties,414,Al Barshaa South Second,Motor City,750000
1-41-2010-6612,Sales,Sell,28-03-2012,Villa,Residential,Existing Properties,484,Nadd Hessa,IMG World Adventures,2881741
1-41-2010-6611,Mortgages,Mortgage Registration,1/5/2011,Villa,Residential,Existing Properties,396,Al Khawaneej First,,750000
1-41-2010-6610,Mortgages,Mortgage Registration,23-01-2011,Villa,Residential,Existing Properties,369,Al Barsha Third,Sports City Swimming Academy,750000
1-41-2010-6609,Mortgages,Mortgage Registration,30-09-2015,Land,Multi-Use,Existing Properties,334,Al Jadaf,Dubai International Airport,25000000
1-41-2010-6608,Sales,Sell,12/4/2022,Villa,Residential,Existing Properties,467,Wadi Al Safa 5,IMG World Adventures,5100000
1-41-2010-6607,Mortgages,Portfolio Mortgage Registration,25-06-2019,Land,Residential / Commercial,Existing Properties,467,Wadi Al Safa 5,IMG World Adventures,1080000
1-41-2010-6606,Mortgages,Mortgage Registration,7/3/2011,Land,Residential,Existing Properties,299,Al Warqa Fourth,,750000
1-41-2010-6605,Sales,Sell,2/6/2021,Land,Residential,Existing Properties,464,Wadi Al Safa 2,IMG World Adventures,1249506
1-41-2010-6604,Mortgages,Mortgage Registration,20-03-2011,Villa,Residential,Existing Properties,396,Al Khawaneej First,,750000
1-41-2010-6603,Sales,Sell,9/6/2021,Villa,Residential,Existing Properties,467,Wadi Al Safa 5,IMG World Adventures,3040000
1-41-2010-6602,Sales,Sell,22-05-2014,Villa,Residential,Existing Properties,350,Al Thanyah Fifth,Sports City Swimming Academy,5900000
1-41-2010-6601,Sales,Delayed Sell,24-03-2013,Villa,Residential,Existing Properties,350,Al Thanyah Fifth,Sports City Swimming Academy,4953200
1-41-2010-6600,Mortgages,Mortgage Registration,27-09-2018,Villa,Residential,Existing Properties,350,Al Thanyah Fifth,Sports City Swimming Academy,2856159
1-41-2010-6599,Sales,Lease to Own Registration,27-03-2014,Villa,Residential,Existing Properties,350,Al Thanyah Fifth,Sports City Swimming Academy,4450000
1-41-2010-6598,Mortgages,Lease Finance Registration,2/10/2014,Villa,Residential,Existing Properties,467,Wadi Al Safa 5,IMG World Adventures,2950000
1-41-2010-6597,Gifts,Grant,16-12-2021,Land,Residential,Existing Properties,311,Muhaisanah Third,Dubai International Airport,2100004
1-41-2010-6596,Mortgages,Mortgage Registration,25-08-2011,Villa,Residential,Existing Properties,464,Wadi Al Safa 2,IMG World Adventures,942500
1-41-2010-6595,Mortgages,Mortgage Registration,18-09-2011,Villa,Residential,Existing Properties,299,Al Warqa Fourth,,933551
1-41-2010-6594,Mortgages,Mortgage Transfer,5/6/2018,Villa,Residential,Existing Properties,298,Al Warqa Third,Dubai International Airport,1273000
1-41-2010-6593,Mortgages,Development Mortgage,23-12-2018,Building,Residential,Existing Properties,458,Dubai Investment Park First,Expo 2020 Site,14500000
1-41-2010-6592,Sales,Sell Development,11/9/2012,Building,Commercial,Existing Properties,458,Dubai Investment Park First,Expo 2020 Site,981360
1-41-2010-6591,Mortgages,Modify Development Mortgage,11/1/2016,Building,Commercial,Existing Properties,458,Dubai Investment Park First,Expo 2020 Site,10934000
1-41-2010-6590,Sales,Sell Development,24-09-2020,Land,Industrial,Existing Properties,458,Dubai Investment Park First,Expo 2020 Site,3919014
1-41-2010-6589,Sales,Sell,4/12/2016,Villa,Residential,Existing Properties,410,Palm Jumeirah,Burj Al Arab,8030000
1-41-2010-6588,Sales,Sell,16-02-2014,Villa,Residential,Existing Properties,410,Palm Jumeirah,Burj Al Arab,7400000
1-41-2010-6587,Sales,Sell,11/12/2012,Villa,Residential,Existing Properties,467,Wadi Al Safa 5,IMG World Adventures,3710000
1-41-2010-6586,Sales,Sell,11/12/2012,Villa,Residential,Existing Properties,467,Wadi Al Safa 5,IMG World Adventures,5190000
1-41-2010-6585,Gifts,Grant Development,7/2/2017,Building,Industrial / Commercial,Existing Properties,459,Dubai Investment Park Second,Expo 2020 Site,40000000
1-41-2010-6584,Sales,Delayed Sell,5/4/2015,Villa,Residential,Existing Properties,485,Me'Aisem First,Sports City Swimming Academy,9638320
1-41-2010-6583,Sales,Sell,17-12-2014,Villa,Residential,Existing Properties,434,Wadi Al Safa 6,Motor City,6964423
1-41-2010-6582,Mortgages,Mortgage Registration,6/11/2012,Villa,Residential,Existing Properties,299,Al Warqa Fourth,,750000
1-41-2010-6581,Sales,Sell,18-07-2012,Land,Residential,Existing Properties,467,Wadi Al Safa 5,IMG World Adventures,1199942
1-41-2010-6580,Mortgages,Mortgage Registration,30-11-2021,Villa,Residential,Existing Properties,467,Wadi Al Safa 5,IMG World Adventures,8000000
1-41-2010-6579,Gifts,Grant,29-05-2019,Villa,Residential,Existing Properties,467,Wadi Al Safa 5,IMG World Adventures,6000000
1-41-2010-6578,Sales,Sell,30-08-2018,Land,Residential,Existing Properties,467,Wadi Al Safa 5,IMG World Adventures,1400000
1-41-2010-6577,Sales,Development Registration,27-09-2012,Building,Industrial / Commercial,Existing Properties,459,Dubai Investment Park Second,Sports City Swimming Academy,90281
1-41-2010-6576,Mortgages,Mortgage Registration,8/6/2022,Villa,Residential,Existing Properties,467,Wadi Al Safa 5,IMG World Adventures,1000000
1-41-2010-6575,Sales,Sell Development,14-10-2012,Building,Commercial,Existing Properties,459,Dubai Investment Park Second,Expo 2020 Site,1890000
1-41-2010-6574,Mortgages,Mortgage Transfer,14-01-2021,Villa,Residential,Existing Properties,467,Wadi Al Safa 5,IMG World Adventures,3333174
1-41-2010-6573,Sales,Sell Development,19-05-2016,Building,Industrial,Existing Properties,459,Dubai Investment Park Second,Expo 2020 Site,5000000
1-41-2010-6572,Sales,Lease to Own Registration,4/12/2012,Villa,Residential,Existing Properties,467,Wadi Al Safa 5,IMG World Adventures,3900000
1-41-2010-6571,Sales,Sell,19-12-2012,Land,Residential,Existing Properties,467,Wadi Al Safa 5,IMG World Adventures,1210680
1-41-2010-6570,Sales,Development Registration,4/2/2013,Building,Residential / Commercial,Existing Properties,458,Dubai Investment Park First,Expo 2020 Site,193043
1-41-2010-6569,Sales,Sell,4/2/2013,Villa,Residential,Existing Properties,445,Jabal Ali First,Sports City Swimming Academy,2820000
1-41-2010-6568,Sales,Sell,4/8/2013,Villa,Residential,Existing Properties,445,Jabal Ali First,Sports City Swimming Academy,2600000
1-41-2010-6567,Sales,Lease to Own Registration,16-06-2013,Villa,Residential,Existing Properties,467,Wadi Al Safa 5,IMG World Adventures,2950000
1-41-2010-6566,Mortgages,Mortgage Registration,27-03-2013,Villa,Residential,Existing Properties,415,Al Barshaa South First,Motor City,750000
1-41-2010-6565,Mortgages,Mortgage Registration,18-04-2013,Villa,Residential,Existing Properties,299,Al Warqa Fourth,,907000
1-41-2010-6564,Mortgages,Modify Mortgage,19-01-2017,Building,Commercial,Existing Properties,319,Ras Al Khor Industrial Second,Downtown Dubai,10997000
1-41-2010-6563,Mortgages,Mortgage Registration,9/5/2022,Land,Other,Existing Properties,317,Jumeirah First,Burj Khalifa,6000000
1-41-2010-6562,Gifts,Grant,3/6/2013,Land,Commercial,Existing Properties,466,Wadi Al Safa 4,,1509750
1-41-2010-6561,Sales,Sell,28-05-2015,Land,Commercial,Existing Properties,523,Al Hebiah Third,,3390000
1-41-2010-6560,Sales,Sell,7/5/2015,Land,Commercial,Existing Properties,523,Al Hebiah Third,,3090000
1-41-2010-6559,Sales,Sell,15-10-2020,Villa,Residential,Existing Properties,523,Al Hebiah Third,Motor City,2000000
1-41-2010-6558,Sales,Delayed Sell,20-05-2013,Villa,Residential,Existing Properties,523,Al Hebiah Third,Motor City,126302
1-41-2010-6557,Sales,Delayed Sell,26-01-2014,Land,Residential,Existing Properties,317,Jumeirah First,Burj Khalifa,6631107
1-41-2010-6556,Sales,Sell,27-12-2015,Land,Other,Existing Properties,441,Al Barsha South Fourth,Sports City Swimming Academy,16500000
1-41-2010-6555,Sales,Delayed Sell,18-07-2013,Villa,Residential,Existing Properties,485,Me'Aisem First,Sports City Swimming Academy,6825430
1-41-2010-6554,Mortgages,Mortgage Registration,6/9/2018,Villa,Residential,Existing Properties,523,Al Hebiah Third,Motor City,1598460
1-41-2010-6553,Mortgages,Mortgage Registration,31-07-2019,Villa,Residential,Existing Properties,523,Al Hebiah Third,Motor City,2151803
1-41-2010-6552,Mortgages,Mortgage Registration,25-11-2022,Land,Residential,Existing Properties,340,Al Goze Second,Downtown Dubai,1000000
1-41-2010-6551,Sales,Delayed Sell,15-09-2013,Villa,Residential,Existing Properties,485,Me'Aisem First,Sports City Swimming Academy,5837465
1-41-2010-6550,Sales,Sell,19-04-2015,Villa,Residential,Existing Properties,463,Wadi Al Safa 7,Motor City,3728888
1-41-2010-6549,Sales,Delayed Sell,6/10/2013,Villa,Residential,Existing Properties,463,Wadi Al Safa 7,Motor City,3846888
1-41-2010-6548,Sales,Delayed Sell,20-04-2014,Villa,Residential,Existing Properties,463,Wadi Al Safa 7,Motor City,3626888
1-41-2010-6547,Sales,Sell,24-05-2022,Villa,Residential,Existing Properties,463,Wadi Al Safa 7,Motor City,4125000
1-41-2010-6546,Sales,Delayed Sell,23-12-2013,Villa,Residential,Existing Properties,463,Wadi Al Safa 7,Motor City,3951888
1-41-2010-6545,Sales,Sell,26-08-2019,Villa,Residential,Existing Properties,467,Wadi Al Safa 5,IMG World Adventures,2205000
1-41-2010-6544,Sales,Sell,28-08-2013,Villa,Residential,Existing Properties,467,Wadi Al Safa 5,IMG World Adventures,1681746
1-41-2010-6543,Sales,Sell Development,16-03-2017,Building,Residential,Existing Properties,484,Nadd Hessa,IMG World Adventures,20000000
1-41-2010-6542,Sales,Delayed Sell,19-01-2015,Villa,Residential,Existing Properties,523,Al Hebiah Third,Motor City,4023000
1-41-2010-6541,Mortgages,Mortgage Registration,21-01-2019,Villa,Residential,Existing Properties,445,Jabal Ali First,Expo 2020 Site,2850000
1-41-2010-6540,Sales,Delayed Sell,14-05-2014,Land,Residential / Commercial,Existing Properties,335,Nad Al Shiba First,Downtown Dubai,9375000
1-41-2010-6539,Sales,Sell,16-02-2014,Land,Commercial,Existing Properties,350,Al Thanyah Fifth,,266310
1-41-2010-6538,Mortgages,Mortgage Registration,30-09-2021,Villa,Residential,Existing Properties,463,Wadi Al Safa 7,Motor City,2600000
1-41-2010-6537,Sales,Delayed Sell,1/5/2018,Villa,Residential,Existing Properties,523,Al Hebiah Third,Motor City,4855200
1-41-2010-6536,Sales,Lease to Own Registration,12/9/2017,Villa,Residential,Existing Properties,523,Al Hebiah Third,Motor City,3410000
1-41-2010-6535,Sales,Delayed Sell,2/3/2016,Villa,Residential,Existing Properties,523,Al Hebiah Third,Motor City,2000000
1-41-2010-6534,Mortgages,Delayed Mortgage,28-08-2017,Villa,Residential,Existing Properties,523,Al Hebiah Third,Motor City,1185880
1-41-2010-6533,Mortgages,Mortgage Registration,26-05-2022,Villa,Residential,Existing Properties,445,Jabal Ali First,Expo 2020 Site,3600000
1-41-2010-6532,Sales,Delayed Sell,21-06-2018,Villa,Residential,Existing Properties,523,Al Hebiah Third,Motor City,2667000
